{
  "project_info": {
    "project_number": "852797906047",
    "firebase_url": "https://cap-stone-pj1.firebaseio.com",
    "project_id": "cap-stone-pj1",
    "storage_bucket": "cap-stone-pj1.appspot.com"
  },
  "client": [
    {
      "client_info": {
        "mobilesdk_app_id": "1:852797906047:android:b0df02c6a6b344d474f34a",
        "android_client_info": {
          "package_name": "com.example.myapplication"
        }
      },
      "oauth_client": [
        {
          "client_id": "852797906047-1hi68ff321jues4c63ljhsk8hkpa5c64.apps.googleusercontent.com",
          "client_type": 1,
          "android_info": {
            "package_name": "com.example.myapplication",
            "certificate_hash": "25b07eceac062d27fa8eb499c7343015beffefea"
          }
        },
        {
          "client_id": "852797906047-2uj3b432jt2peqfo4ruaeus2sf11gept.apps.googleusercontent.com",
          "client_type": 3
        }
      ],
      "api_key": [
        {
          "current_key": "AIzaSyCSWwG6TKCe8__Ppv9pPLIhbOox3uB-2Tc"
        }
      ],
      "services": {
        "appinvite_service": {
          "other_platform_oauth_client": [
            {
              "client_id": "852797906047-2uj3b432jt2peqfo4ruaeus2sf11gept.apps.googleusercontent.com",
              "client_type": 3
            }
          ]
        }
      }
    }
  ],
  "configuration_version": "1"
}